ru:
  Абакан: アバカン
  Абовян: アボヴャン
  Азов: アゾフ
  Ак-Мечеть: アク・メチェチ
  Акмола: アクモラ
  Акмолинск: アクモリンスク
  Актау: アクタウ
  Актауский: アクタウスキー
  Аксу: アクス
  Актобе: アクトベ
  Ак-Тюбе: アク・チュベ
  Актюбинск: アクチュビンスク
  Александрийск: アレクサンドリースク
  Александрия: アレクサンドリーヤ
  Александровск: アレクサンドロフスク
  Александровск-Грушевский: アレクサンドロフスク・グルシェフスキー
  Александровский: アレクサンドロフスキー
  Александрополь: アレクサンドロポリ
  Али-Байрамлы: アリ・バイラムルィ
  Алитус: アリトゥス
  Алма-Ата: アルマ・アタ
  Алматы: アルマティ
  Алмалык: アルマルィク
  Альметьевск: アリメチエフスク
  Алчевск: アルチェフスク
  Анадырь: アナディリ
  Анапа: アナパ
  Ангарск: アンガルスク
  Ангрен: アングレン
  Ангреншахтстрой: アングレンシャフトストロイ
  Андижан: アンディジャン
  Андропов: アンドロポフ
  Арзамас: アルザマス
  Арзамас-75: アルザマス75
  Арзамас-16: アルザマス16
  Армавир: アルマヴィル
  Артём: アルチョーム
  Артёмовск: アルチョーモフスク
  Архангельск: アルハンゲリスク
  Арыс: アルィス
  Астана: アスタナ
  Астрахан-Базар: アストラハン・バザル
  Астрахань: アストラハン
  Асхабад: アスハバード
  Атырау: アティラウ
  Аулие-Ата: アウリエ・アタ
  Ахта: アフタ
  Ахтиар: アフティアル
  Ачинск: アチンスク
  Ашхабад: アシハバード
  Вагаршапат: ヴァガルシャパト
  Байрамали: バイラマリー
  Баку: バクー
  Балаково: バラコヴォ
  Балашиха: バラシハ
  Балашов: バラショフ
  Балканабад: バルカナバード
  Балхаш: バルハシ
  Ванадзор: ヴァナゾル
  Барановичи: バラノヴィチ
  Барнаул: バルナウル
  Батайск: バタイスク
  Баталпашинск: バタルパシンスク
  Баталпашинская: バタルパシンスカヤ
  Батум: バトゥム
  Батуми: バトゥミ
  Бахмут: バフムート
  Безродное: ベズロドノエ
  Бейнеу: ベイネウ
  Бекбуди: ベクブディ
  Белая Церковь: ベーラヤ・ツェルコフィ
  Белгород: ベルゴロド
  Белово: ベロヴォ
  Белоцарск: ベロツァルスク
  Бельцы: ベリツィ
  Бендеры: ベンデルィ
  Бердичев:  ベルジチェフ
  Бердск: ベルツク
  Бердское: ベルツコエ
  Бердянск: ベルジャンスク
  Березники: ベレズニキ
  Бийск: ビイスク
  Бишкек: ビシュケク
  Благовещенск: ブラゴヴェシチェンスク
  Бобрики: ボブリキ
  Бор: ボル
  Бохтар: ボフタル
  Братск: ブラーツク
  Брежнев: ブレジネフ
  Брест: ブレスト
  Брест-Литовск: ブレスト・リトフスク
  Бобруйск: ボブルイスク
  Богородск: ボゴロツク
  Большой Джезказган: ボリショイ・ジェズカズガン
  Борисов: ボリソフ
  Борисоглебов: ボリソグレボフ
  Воткинск: ヴォトキンスク
  Бровары: ブロヴァルィー
  Брянск: ブリャンスク
  Бугульма: ブグリマ
  Бузулук: ブズルク
  Бухара: ブハラ
  Вантеево: ヴァンテエヴォ
  Вахдат: ヴァフダート
  Великий Новгород: ヴェリーキー・ノヴゴロド
  Великие Луки: ヴェリーキエ・ルーキ
  Верный: ヴェールヌイ
  Верхнеудинск: ヴェルフネウジンスク
  Верхняя Пышма: ヴェルフニャヤ・プィシマ
  Видное: ヴィドノエ
  Вильна: ヴィリナ
  Вильнюс: ヴィリニュス
  Винница: ヴィンニツァ
  Биробиджан: ビロビジャン
  Биро-Биджан: ビロ・ビジャン
  Витебск: ヴィテプスク
  Владивосток: ウラジオストク
  Владикавказ: ウラジカフカス
  Владимир: ウラジーミル
  Владимировка: ヴラジーミロフカ
  Волгоград: ヴォルゴグラード
  Волгодонск: ヴォルゴドンスク
  Волжский: ヴォルシスキー
  Вологда: ヴォログダ
  Воронеж: ヴォロネジ
  Ворошилов: ヴォロシーロフ
  Ворошиловград: ヴォロシロフグラード
  Ворошиловск: ヴォロシーロフスク
  Воскресенск: ヴォスクレセンスク
  Воскресенское: ヴォスクレセンスコエ
  Всеволожск: フセヴォロシュスク
  Выборг: ヴィボルグ
  Вятка: ヴャトカ
  Ганджа: ガンジャ
  Гатчина: ガッチナ
  Геленджик: ゲレンジク
  Глазов: グラゾフ
  Говурдак: ゴヴルダク
  Гомель: ゴメリ
  Гори: ゴリ
  Горловка: ゴルロフカ
  Горький: ゴーリキー
  Гродно: グロドノ
  Грозный: グロズヌイ
  Губкин: グブキン
  Гулистан: グリスタン
  Гурьев: グリエフ
  Гюмри: ギュムリ
  Гянджа: ギャンジャ
  Даугавпилс: ダウガフピルス
  Дашогуз: ダショグズ
  Дашховуз: ダシュホヴズ
  Двинск: ドヴィンスク
  Двигательстрой: ドヴィガテリストロイ
  Дербент: デルベント
  Дерпт: デルプト
  Джалал-Абад: ジャラル・アバド
  Джалилабад: ジャリラバード
  Джаляль-Абад: ジャリャリ・アバド
  Джамбул: ジャムブル
  Джизак: ジザク
  Джезказган: ジェズカズガン
  Дзауджикау: ザウジカウ
  Дзержинск: ジェルジンスク
  Димитровград: ディミトロフグラード
  Динабург: ディナブルク
  Дирижаблестрой: ジリジャブレストロイ
  Дмитриевск: ドミトリエフスク
  Днепр: ドネプル
  Днепродзержинск: ドネプロジェルジンスク
  Днепропетровск: ドネプロペトロフスク
  Домодедово: ドモジェドヴォ
  Долгопрудный: ドルゴプルドヌイ
  Донецк: ドネツク
  Дубна: ドゥブナ
  Душанбе: ドゥシャンベ
  Дюшамбе: デュシャンベ
  Евлах: イェヴラフ
  Евпатория: エフパトリア
  Егорьевск: エゴリエフスク
  Ежово-Черкесск: エジョヴォ・チェルケスク
  Ейск: エイスク
  Екатеринбург: エカテリンブルク
  Екатеринодар: エカテリノダール
  Екатеринослав: エカテリノスラフ
  Енакиево: エナキエヴォ
  Елабуга: エラブガ
  Елгава: イェルガヴァ
  Елец: エレツ
  Елисаветград: エリサヴェトグラード
  Елисаветполь: エリサヴェトポリ
  Ереван: エレバン
  Ермак: エルマク
  Ессентуки: エセントゥキ
  Жалалабат: ジャララバート
  Жамбыл: ジャムブィル
  Жанаозен: ジャナオゼン
  Жданов: ジダーノフ
  Жезказган: ジェズカズガン
  Железногорск: ジェレズノゴルスク
  Житомир: ジトーミル
  Жуковский: ジュコーフスキー
  Загорск: ザゴルスク
  Запорожье: ザポロージエ
  Затишье: ザチシエ
  Зачаганск: ザチャガンスク
  Зеленодольск: ゼレノドリスク
  Зелёный Дол: ゼリョヌイ・ドル
  Зиновьевск: ジノヴィエフスク
  Златоуст: ズラトウースト
  Иваново: イヴァノヴォ
  Иваново-Вознесенск: イヴァノヴォ・ヴォズネセンスク
  Ивано-Франковск: イヴァノ・フランコフスク
  Ивантеевка: イヴァンテエフカ
  Ивантеевский: イヴァンテエフスキー
  Иваньково: イヴァニコヴォ
  Иващенково: イヴァシチェンコヴォ
  Ижевск: イジェフスク
  Измаил: イズマイール
  Иркутск: イルクーツク
  Истаравшан: イスタラフシャン
  Исфара: イスファラ
  Йошкар-Ола: ヨシュカル・オラ
  Кабаковск: カバコフスク
  Кабачищи: カバチシチ
  Каган: カガン
  Кадиевка: カジエフカ
  Казань: カザン
  Калинин: カリーニン
  Калининград: カリーニングラード
  Калининский: カリーニンスキー
  Калуга: カルーガ
  Каменец-Подольск: カメネツ・ポドリスク
  Каменец-Подольский: カメネツ・ポドリスキー
  Каменск: カメンスク
  Каменская: カメンスカヤ
  Каменское: カメンスコエ
  Каменск-Уральский: カメンスク・ウラリスキー
  Каменск-Шахтинский: カメンスク・シャフチンスキー
  Камышин: カムイシン
  Канибадам: カニバダム
  Канск: カンスク
  Капан: カパン
  Капшагай: カプシャガイ
  Караганда: カラガンダ
  Каракилиса: カラキリサ
  Каракол: カラコル
  Карши: カルシ
  Каскелен: カスケレン
  Каспийск: カスピースク
  Каунас: カウナス
  Кафан: カファン
  Кемерово: ケメロヴォ
  Кенгир: ケンギル
  Кентау: ケンタウ
  Керчь: ケルチ
  Киев: キエフ
  Кизил-Арват: キジル・アルヴァト
  Кинешма: キネシマ
  Киров: キーロフ
  Кировабад: キロヴァバード
  Кировакан: キロヴァカン
  Кирово: キーロヴォ
  Кировоград: キロヴォグラード
  Киселёвск: キセリョフスク
  Кисловодск: キスロヴォツク
  Кишинёв: キシニョフ
  Клайпеда: クライペダ
  Клин: クリン
  Ковно: コヴノ
  Ковров: コヴロフ
  Козлов: コズロフ
  Коканд: コーカンド
  Кокчетав: コクチェタフ
  Кокшетау: コクシェタウ
  Коломна: コロムナ
  Колывань: コルィヴァニ
  Кольчугино: コリチュギノ
  Коммунарск: コムナルスク
  Комсомольск-на-Амуре: コムソモリスク・ナ・アムーレ
  Конаев: コナエフ
  Конотоп: コノトプ
  Константиновка: コンスタンチノフカ
  Копейск: コペイスク
  Королёв: コロリョフ
  Костанай: コスタナイ
  Коста-Хетагурово: コスタ・ヘタグロヴォ
  Кострома: コストロマ
  Когалым: コガリム
  Кофарнихон: コファルニホン
  Краматорск: クラマトルスク
  Красноводск: クラスノヴォツク
  Красногвардейск: クラスノグヴァルジェイスク
  Красногорск: クラスノゴルスク
  Краснодар: クラスノダール
  Краснококшайск: クラスノコクシャイスク
  Красноярск: クラスノヤルスク
  Красноярск-26: クラスノヤルスク26
  Красный: クラスヌイ
  Красный Луч: クラスヌイ・ルチ
  Кременчуг: クレメンチュグ
  Кремлёв: クレムリョフ
  Кривой Рог: クリヴォイ・ログ
  Криндачёвка: クリンダチョフカ
  Кропивницкий: クロピヴニツキー
  Кропоткин: クロポトキン
  Кузнецк: クズネツク
  Кузнецк-Сибирский: クズネツク・シビルスキー
  Куйбышев: クイビシェフ
  Куляб: クリャブ
  Кульсары: クリサリ
  Кумайри: クマイリ
  Курган: クルガン
  Курган-Тюбе: クルガン・チュベ
  Курск: クルスク
  Кустанай: クスタナイ
  Кутаис: クタイス
  Кутаиси: クタイシ
  Кызыл: クズル
  Кызылорда: クズロルダ
  Кзыл-Орда: クズル・オルダ
  Ленинабад: レニナバード
  Ленинград: レニングラード
  Ленинакан: レニナカン
  Ленино: レニノ
  Ленинск: レニンスク
  Ленинск-Кузнецкий: レニンスク・クズネツキー
  Ленкорань: レンコラニ
  Либава: リバヴァ
  Лида: リダ
  Лиепая: リエパヤ
  Липецк: リペツク
  Лисичанск: リシチャンスク
  Лисхимстрой: リスヒムストロイ
  Лобня: ロブニャ
  Лопасня: ロパスニャ
  Луганск: ルガンスク
  Луки: ルーキ
  Луцк: ルツク
  Львов: リヴォフ
  Люберцы: リュベルツィ
  Магадан: マガダン
  Магданлы: マグダンリー
  Магнитогорск: マグニトゴルスク
  Майкоп: マイコープ
  Макеевка: マケエフカ
  Маргилан: マルギラン
  Мариуполь: マリウポリ
  Мары: マリ
  Махачкала: マハチカラ
  Междуреченск: メジュドゥレチェンスク
  Мелекесс: メレケス
  Мелитополь: メリトポリ
  Мерв: メルヴ
  Миасс: ミアス
  Мингечаур: ミンゲチャウル
  Мингечевир: ミンゲチェヴィル
  Минеральные Воды: ミネラーリヌィエ・ヴォードィ
  Минск: ミンスク
  Мирзачуль: ミルザチュリ
  Мирзоян: ミルゾヤン
  Митава: ミタヴァ
  Михайловск: ミハイロフスク
  Михайловское: ミハイロフスコエ
  Мичуринск: ミチュリンスク
  Могилёв: モギリョフ
  Мозырь: モズィリ
  Молотов: モロトフ
  Молотовск: モロトフスク
  Москва: モスクワ
  Мукачево: ムカチェヴォ
  Мурино: ムリノ
  Мурманск: ムルマンスク
  Муром: ムーロム
  Мытищи: ムィティシ
  Набережные Челны: ナーベレジヌィエ・チェルヌイ
  Навои: ナヴォイ
  Надеждинск: ナジェージジンスク
  Назрань: ナズラン
  Нальчик: ナリチク
  Наманган: ナマンガン
  Нарва: ナルヴァ
  Наро-Фоминск: ナロ＝フォミンスク
  Нарышкино: ナリシキノ
  Нахичевань: ナヒチェヴァニ
  Находка: ナホトカ
  Небит-Даг: ネビト・ダグ
  Невинномысск: ネヴィンノムイスク
  Нефтекамск: ネフテカムスク
  Нефтеюганск: ネフテユガンスク
  Нижневартовск: ニジネヴァルトフスク
  Нижнекамск: ニジネカムスク
  Нижний Новгород: ニジニ・ノヴゴロド
  Нижний Тагил: ニジニ・タギル
  Николаев: ニコラエフ
  Николаевск: ニコラエフスク
  Никольское: ニコリスコエ
  Никольский: ニコリスキー
  Никольск-Уссурийский: ニコリスク・ウスリースキー
  Никополь: ニーコポリ
  Новая Бухара: ノーヴァヤ・ブハラ
  Новгород: ノヴゴロド
  Новоалександровка: ノヴォアレクサンドロフカ
  Новоалтайск: ノヴォアルタイスク
  Новоилийск: ノヴォイリイスク
  Новокузнецк: ノヴォクズネツク
  Новокуйбышевск: ノヴォクイビシェフスク
  Ново-Куйбышевский: ノヴォ・クイビシェフスキー
  Новомосковск: ノヴォモスコフスク
  Ново-Мариинск: ノヴォ・マリインスク
  Ново-Николаевск: ノヴォニコラエフスク
  Новониколаевский: ノヴォニコラエフスキー
  Новополоцк: ノヴォポロツク
  Новороссийск: ノヴォロシースク
  Новосибирск: ノヴォシビルスク
  Новотроицк: ノヴォトロイツク
  Ново-Троицк: ノヴォトロイツク
  Новоуральск: ノヴォウラリスク
  Новочебоксарск: ノヴォチェボクサルスク
  Новочеркасск: ノヴォチェルカッスク
  Новошахтинск: ノヴォシャフチンスク
  Новый Маргелан: ノーヴィ・マルゲラン
  Новый Узень: ノーヴィ・ウゼニ
  Новый Уренгой: ノヴィ・ウレンゴイ
  Новый Ургенч: ノーヴィ・ウルゲンチ
  Ногинск: ノギンスク
  Норильск: ノリリスク
  Ноябрьск: ノヤブリスク
  Ноябрьский: ノヤブリスキー
  Нукус: ヌクス
  Нур-Султан: ヌルスルタン
  Нуха: ヌハ
  Обнинск: オブニンスク
  Одесса: オデッサ
  Одинцово: オジンツォボ
  Озёрск: オジョルスク
  Октябрьский: オクチャブリスキー
  Олита: オリタ
  Омск: オムスク
  Орджоникидзе: オルジョニキーゼ
  Орджоникидзеабад: オルジョニキゼアバード
  Орёл: オリョール
  Оренбург: オレンブルク
  Орехово-Зуево: オレホヴォ・ズエヴォ
  Орск: オルスク
  Орша: オルシャ
  Осипенко: オシペンコ
  Оскол: オスコル
  Остяко-Вогульск: オスチャコ・ヴォグリスク
  Ош: オシュ
  Павлоград: パヴログラード
  Павлодар: パヴロダル
  Паневежис: パネヴェジス
  Паратск: パラツク
  Пенджикент: ペンジケント
  Пенза: ペンザ
  Первоуральск: ペルヴォウラリスク
  Пермское: ペルムスコエ
  Пермь: ペルミ
  Петровск: ペトロフスク
  Петровское: ペトロフスコエ
  Переяславль-Рязанский: ペレヤスラヴリ・リャザンスキー
  Петропавловск: ペトロパブロフスク
  Петропавловский порт: ペトロパヴロフスキー・ポルト
  Петропавловская гавань: ペトロパヴロフスカヤ・ガヴァニ
  Петропавловск-Камчатский: ペトロパブロフスク・カムチャツキー
  Петроград: ペトログラード
  Петрозаводск: ペトロザヴォーツク
  Пинск: ピンスク
  Пишпек: ピシュペク
  Подлипки: ポドリプキ
  Подольск: ポドリスク
  Покровск: ポクロフスク
  Поневеж: ポネヴェジュ
  Полоцкий: ポロツキー
  Полтава: ポルタヴァ
  Полторацк: ポルトラツク
  Пржевальск: プルジェヴァリスク
  Прокопьевск: プロコピエフスク
  Проскуров: プロスクーロフ
  Псков: プスコフ
  Пушкино: プーシキノ
  Пышма: プィシマ
  Пятигорск: ピャチゴルスク
  Раздан: ラズダン
  Раменское: ラメンスコエ
  Растяпино: ラスチャピノ
  Ревель: レヴェリ
  Регар: レガル
  Реутов: レウトフ
  Реутово: レウトヴォ
  Рига: リガ
  Ровно: ロヴノ
  Романов-на-Мурмане: ロマノフ・ナ・ムルマネ
  Романовский: ロマノフスキー
  Ростов-на-Дону: ロストフ・ナ・ドヌ
  Рубцов: ルプツォフ
  Рубцово: ルプツォヴォ
  Рубцовск: ルプツォフスク
  Рудный: ルドヌイ
  Рустави: ルスタヴィ
  Рыбинск: ルイビンスク
  Рыбница: ルィブニツァ
  Рыково: ルィコヴォ
  Рязань: リャザン
  Салават: サラヴァト
  Самара: サマラ
  Самарканд: サマルカンド
  Самаркандский: サマルカンツキー
  Санкт-Петербург: サンクトペテルブルク
  Саранск: サランスク
  Сарапул: サラプル
  Саратов: サラトフ
  Саров: サロフ
  Сатпаев: サトパエフ
  Свердловск: スヴェルドロフスク
  Свердловск-44: スヴェルドロフスク44
  Севастополь: セヴァストポリ
  Северодвинск: セヴェロドヴィンスク
  Северодонецк: セヴェロドネツク
  Северск: セヴェルスク
  Семей: セメイ
  Семипалатинск: セミパラチンスク
  Сергиев: セルギエフ
  Сергиев Посад: セルギエフ・ポサード
  Серго: セルゴ
  Сердар: セルダル
  Серов: セロフ
  Серпухов: セルプホフ
  Синбирск: シンビルスク
  Симбирск: シンビルスク
  Симферополь: シンフェロポリ
  Скобелев: スコベレフ
  Славянск: スラヴャンスク
  Смоленск: スモレンスク
  Солигорск: ソリゴルスク
  Соликамск: ソリカムスク
  Соцгород: ソツゴロド
  Сочи: ソチ
  Ставрополь: スタヴロポリ
  Ставрополь-Кавказский: スタヴロポリ・カフカススキー
  Сталин: スターリン
  Сталинабад: スターリナバード
  Сталинград: スターリングラード
  Сталино: スタリノ
  Сталиногорск: スタリノゴルスク
  Сталинск: スターリンスク
  Станислав: スタニスラフ
  Станиславов: スタニスラヴォフ
  Старый Оскол: スタールイ・オスコル
  Стаханов: スタハーノフ
  Стаханово: スタハノヴォ
  Степанакерт: ステパナケルト
  Степногорск: ステプノゴルスク
  Степной: ステプノイ
  Стерлитамак: ステルリタマク
  Судострой: スドストロイ
  Сулимов: スリモフ
  Сумгаит: スムガイト
  Сумгайыт: スムガユィト
  Сумы: スムィ
  Сургут: スルグト
  Сызрань: シズラニ
  Сыктывкар: スィクティフカル
  Таганрог: タガンログ
  Талдыкорган: タルディコルガン
  Талды-Курган: タルディ・クルガン
  Таллин: タリン
  Тамбов: タンボフ
  Тараз: タラズ
  Тарнополь: タルノポリ
  Тарту: タルトゥ
  Ташауз: タシャウズ
  Ташкент: タシケント
  Тбилиси: トビリシ
  Тверь: トヴェリ
  Теджен: テジェン
  Темиртау: テミルタウ
  Термез: テルメズ
  Тернополь: テルノポリ
  Тирасполь: ティラスポリ
  Тифлис: ティフリス
  Тобольск: トボリスク
  Тоёхара: トヨハラ
  Токмак: トクマク
  Тольятти: トリヤッチ
  Томск: トムスク
  Троицк: トロイツク
  Троцк: トロツク
  Тула: トゥーラ
  Туркестан: トゥルケスタン
  Туркменабад: トゥルクメナバード
  Туркменбашы: トルクメンバシ
  Турсунзаде: トゥルスンザデ
  Тюмень: チュメニ
  Удинск: ウジンスク
  Ужгород: ウジゴロド
  Узген: ウズゲン
  Улан-Удэ: ウラン・ウデ
  Ульяновск: ウリヤノフスク
  Умань: ウマニ
  Уральск: ウラリスク
  Ура-Тюбе: ウラ・チュベ
  Ургенч: ウルゲンチ
  Усолье: ウソリエ
  Усолье-Сибирское: ウソリエ・シビルスコエ
  Уссурийск: ウスリースク
  Устинов: ウスチノフ
  Усть-Абаканское: ウスチ・アバカンスコエ
  Усть-Илимск: ウスチ・イリムスク
  Усть-Каменогорск: ウスチ・カメノゴルスク
  Усть-Сысольск: ウスチ・スィソリスク
  Ухта: ウフタ
  Уфа: ウファ
  Фергана: フェルガナ
  Фрунзе: フルンゼ
  Хабаровка: ハバロフカ
  Хабаровск: ハバロフスク
  Ханкенди: ハンケンディ
  Ханты-Мансийск: ハンティ・マンシースク
  Харьков: ハリコフ
  Хасавюрт: ハサヴユルト
  Херсон: ヘルソン
  Химки: ヒムキ
  Хлынов: フルイノフ
  Хмельницкий: フメリニツキー
  Хырдалан: フルダラン
  Ходжент: ホジェント
  Хрустальный: フルスタリヌイ
  Худжанд: フジャンド
  Царевококшайск: ツァレヴォコクシャイスク
  Царицын: ツァリーツィン
  Целиноград: ツェリノグラード
  Чайковский: チャイコフスキー
  Чапаевск: チャパエフスク
  Чарджев: チャルジェフ
  Чарджоу: チャルジョウ
  Чарджуй: チャルジュイ
  Чебоксары: チェボクサル
  Челябинск: チェリャビンスク
  Челябинск-40: チェリャビンスク40
  Челябинск-65: チェリャビンスク65
  Череповец: チェレポヴェツ
  Черкассы: チェルカッスィ
  Черкесск: チェルケスク
  Чернигов: チェルニゴフ
  Черновицы: チェルノヴィツィ
  Черновцы: チェルノフツィ
  Черногорск: チェルノゴルスク
  Чёрное: チョールノエ
  Черняев: チェルニャーエフ
  Чесноковка: チェスノコフカ
  Чехов: チェーホフ
  Чибью: チビユ
  Чимкент: チムケント
  Чирчик: チルチク
  Чита: チタ
  Чкалов: チカロフ
  Шавли: シャヴリ
  Шадринск: シャドリンスク
  Шахрисабз: シャフリサブズ
  Шахты: シャフティ
  Шевченко: シェフチェンコ
  Шеки: シェキ
  Ширван: シルヴァン
  Шостка: ショストカ
  Шпаковское: シュパコフスコエ
  Шымкент: シムケント
  Шяуляй: シャウリャイ
  Щегловск: シチェグロフスク
  Щёлково: シチョルコヴォ
  Щербаков: シチェルバコフ
  Экибастуз: エキバストゥズ
  Экибастузуголь: エキバストゥズゴリ
  Элар: エラル
  Электросталь: エレクトロスタリ
  Элиста: エリスタ
  Энгельс: エンゲリス
  Эривань: エリヴァニ
  Эчмиадзин: エチミアジン
  Южно-Сахалинск: ユジノ・サハリンスク
  Юзовка: ユゾフカ
  Юрга: ユルガ
  Юрмала: ユールマラ
  Юрьев: ユリエフ
  Якутск: ヤクーツク
  Янгибазар: ヤンギバザル
  Ялта: ヤルタ
  Ярославль: ヤロスラヴリ

uk:
  Алчевськ: アルチェウシク
  Артемівськ: アルテミウシク
  Бахмут: バフムート
  Бердичів: ベルディチウ
  Бердянськ: ベルジャンシク
  Біла Церква: ビーラ・ツェールクヴァ
  Бровари: ブロヴァルィー
  Вінниця: ヴィーンヌィツャ
  Ворошиловград: ヴォロシロウフラード
  Ворошиловськ: ヴォロシーロウシク
  Горлівка: ホルリウカ
  Дмитріївськ: ドミトリイウシク
  Дніпро: ドニプロ
  Дніпродзержинськ: ドニプロジェルジンシク
  Дніпропетровськ: ドニプロペトロウシク
  Донецьк: ドネツィク
  Євпаторія: イェウパトーリヤ
  Єнакієве: イェナキイェヴェ
  Єлисаветград: イェリサヴェトフラード
  Житомир: ジトーミル
  Запоріжжя: ザポリージャ
  # TODO: 正しい発音を調べる
  Зінов'євськ: ジノウイェウシク
  Івано-Франківськ: イヴァーノ＝フランキーウシク
  Ізмаїл: イズマイール
  Кадіївка: カディイウカ
  Кам'янець-Подільськ: カミヤネツィ・ポディリシク
  Кам'янець-Подільський: カミヤネツィ・ポディリシキー
  Кам'янське: カミヤンシケ
  Керч: ケルチ
  Київ: キーウ
  Кірово: キーロヴォ
  Кіровоград: キロヴォフラード
  Комунарськ: コムナルシク
  Конотоп: コノトプ
  Костянтинівка: コスチャンティニウカ
  Краматорськ: クラマトルシク
  Красний Луч: クラスヌイ・ルチ
  Кременчук: クレメンチューク
  Кривий Ріг: クルィヴィーイ・リーフ
  Криндачівка: クリンダチウカ
  Кропивницький: クロピウヌィーツィキー
  Лисичанськ: リシチャンシク
  Лисхімстрой: リスヒムストロイ
  Луганськ: ルハンシク
  Луцьк: ルーツィク
  Львів: リヴィウ
  Макіївка: マキイウカ
  Маріуполь: マリウポリ
  Мелітополь: メリトポリ
  Миколаїв: ムィコライウ
  Мукачеве: ムカチェヴェ
  Мукачево: ムカチェヴォ
  Нікополь: ニーコポリ
  Новоолександрівка: ノヴォオレクサンドリウカ
  Одеса: オデーサ
  Олександрівськ: オレクサンドリウシク
  Олександрійськ: オレクサンドリイシク
  Олександрія: オレクサンドリーヤ
  Орджонікідзе: オルジョニキーゼ
  Осипенко: オシペンコ
  Павлоград: パウロフラード
  Полтава: ポルタヴァ
  Проскурів: プロスクーリウ
  Рибниця: ルィブニツャ
  Рикове: ルィコヴェ
  Рівне: リウネ
  Ровно: ロウノ
  Севастополь: セヴァストポリ
  Серго: セルゴ
  Сєвєродонецьк: セヴェロドネツィク
  Сімферополь: シンフェロポリ
  Слов'янськ: スロウヤンシク
  Сталін: スターリン
  Сталіно: スタリノ
  Станиславів: スタニスラーヴィウ
  Станіслав: スタニスラーウ
  Стаханов: スタハーノフ
  Суми: スムィ
  Тернопіль: テルノーピリ
  Тирасполь: ティラスポリ
  Умань: ウマニ
  Ужгород: ウジュホロド
  Харків: ハルキウ
  Херсон: ヘルソン
  Хмельницький: フメリヌィーツィキー
  Хрустальний: フルスタリヌイ
  Черкаси: チェルカースィ
  Чернівці: チェルニウツィー
  Чернігів: チェルニーヒウ
  Шостка: ショストカ
  Ялта: ヤルタ

be:
  Бабруйск: バブルイスク
  Баранавічы: バラーナヴィチ
  Барысаў: バルィサウ
  Брэст: ブレスト
  Віцебск: ヴィーツェプスク
  Гомель: ホメリ
  Гродна: フロドナ
  Ліда: リダ
  Магілёў: マヒリョウ
  Мазыр: マズィル
  Мінск: ミンスク
  Наваполацк: ナヴァポラツク
  Пінск: ピンスク
  Полацкі: ポラツキ
  Орша: オルシャ
  Салігорск: サリホルスク

et:
  Narva: ナルヴァ
  Tallinn: タリン
  Tartu: タルトゥ

lv:
  Daugavpils: ダウガウピルス
  Jelgava: イェルガヴァ
  Jūrmala: ユールマラ
  Liepāja: リエパーヤ
  Rīga: リーガ

lt:
  Alytus: アリートゥス
  Kaunas: カウナス
  Klaipėda: クライペダ
  Panevėžys: パネヴェジース
  Šiauliai: シャウレイ
  Vilnius: ヴィリニュス

uz:
  Andijon: アンディジャン
  Angren: アングレン
  Behbudiy: ベフブディー
  Buxoro: ブハラ
  Chimkent: チムケント
  Chirchiq: チルチク
  Farg‘ona: ファルガナ
  Guliston: グリスタン
  Jizzax: ジザフ
  Kogon: カガン
  Marg‘ilon: マルギラン
  Mirzachoʻl: ミルザチュル
  Namangan: ナマンガン
  Navoiy: ナヴァイー
  Nukus: ヌクス
  Olmaliq: アルマリク
  Qarshi: カルシ
  Qo‘qon: コカン
  Samarqand: サマルカンド
  Shahrisabz: シャフリサブズ
  Termiz: テルミズ
  Toshkent: タシケント
  Urganch: ウルガンチ
  Yangi Buxoro: ヤンギ・ブハラ
  Yangi Urganch: ヤンギ・ウルガンチ

tg:
  Бохтар: ボフタル
  Ваҳдат: ヴァフダト
  Душанбе: ドゥシャンベ
  Истаравшан: イスタラヴシャン
  Исфара: イスファラ
  Конибодом: コニボドム
  Кофарниҳон: コファルニホン
  Кӯлоб: クロブ
  Қурғонтеппа: クルゴンテッパ
  Ленинобод: レニノボド
  Орҷоникидзеобод: オルジョニキゼオボド
  Панҷакент: パンジャケント
  Регар: レガル
  Самарқанд: サマルカンド
  Сталинобод: スタリノボド
  Турсунзода: トゥルスンゾダ
  Хуҷанд: フジャンド
  Ӯротеппа: ウロテッパ
  Янгибозор: ヤンギボゾル

tk:
  Aşgabat: アシガバート
  Balkanabat: バルカナバト
  Baýramaly: バイラマリ
  Daşoguz: ダショグズ
  Gyzylarbat: ギュジュラルバト
  Krasnowodsk: クラスノヴォツク
  Magdanly: マグダンリ
  Mary: マル
  Merw: メルヴ
  Nebitdag: ネビトダグ
  Serdar: セルダル
  Tejen: テジェン
  Türkmenabat: テュルクメナバト
  Türkmenbaşy: テュルクメンバシ

ky:
  Жалалабат: ジャララバト
  Жалал-Абад: ジャラル・アバド
  Каракол: カラコル
  Ош: オシュ
  Өзгөн: ウズグン
  Пишпек: ピシュペク
  Пржевальск: プルジェヴァリスク
  Токмок: トクモク
  Фрунзе: フルンゼ
  Бишкек: ビシュケク

kk:
  Ақмолинск: アクモリンスク
  Ақмола: アクモラ
  Ақсу: アクス
  Ақтау: アクタウ
  Ақтөбе: アクトベ
  Алматы: アルマトゥ
  Арыс: アルス
  Астана: アスタナ
  Атырау: アトゥラウ
  Әулие-Ата: アウリエ・アタ
  Балқаш: バルカシ
  Бейнеу: ベイネウ
  Гурьев: グリエフ
  Екібастұз: エキバストゥズ
  Ермак: エルマク
  Жамбыл: ジャンブル
  Жаңаөзен: ジャナオゼン
  Жезқазған: ジェズカズガン
  Зашаған: ザシャガン
  Кентау: ケンタウ
  Кеңгір: ケンギル
  Көкшетау: コクシェタウ
  Қапшағай: カプシャガイ
  Қарағанды: カラガンドゥ
  Қаскелең: カスケレン
  Қонаев: コナエフ
  Қостанай: コスタナイ
  Құлсары: クルサル
  Қызылорда: クズロルダ
  Мирзоян: ミルゾヤン
  Нұр-Сұлтан: ヌルスルタン
  Орал: オラル
  Өскемен: オスケメン
  Павлодар: パヴロダル
  Петропавл: ペトロパヴル
  Рудный: ルドヌイ
  Сәтбаев: サトバエフ
  Семей: セメイ
  Степногорск: ステプノゴルスク
  Талды-Қорған: タルドゥ・コルガン
  Талдықорған: タルドゥコルガン
  Тараз: タラズ
  Теміртау: テミルタウ
  Түркістан: トゥルキスタン
  Үлкен Жезқазған: ウルケン・ジェズカズガン
  Целиноград: ツェリノグラード
  Шевченко: シェフチェンコ
  Шымкент: シュムケント

ka:
  ბათუმი: バトゥミ
  გორი: ゴリ
  თბილისი: トビリシ
  რუსთავი: ルスタヴィ
  ტფილისი: トゥピリスィ
  ქუთაისი: クタイシ

hy:
  Աբովյան: アボヴャン
  Ալեքսանդրապոլ: アレクサンドラポル
  Գյումրի: ギュムリ
  Երևան: イェレヴァン
  Էլար: エラル
  Էրիվան: エリヴァン
  Էջմիածին: エジミアツィン
  Լենինական: レニナカン
  Կապան: カパン
  Կիրովական: キロヴァカン
  Կումայրի: クマイリ
  Հրազդան: フラズダン
  Ղարաքիլիսա: ガラキリサ
  Ղափան: ガファン
  Ներքին Ախտա: ネルキン・アフタ
  Ստեփանակերտ: ステパナケルト
  Վաղարշապատ: ヴァガルシャパト
  Վանաձոր: ヴァナゾル

az:
  Astraxanbazar: アストラハンバザル
  Bakı: バキュ
  Cəlilabad: ジェリラバド
  Əli-Bayramlı: エリ・バイラムル
  Gəncə: ギェンジェ
  Kirovabad: キロヴァバド
  Lənkəran: レンキェラン
  Mingəçevir: ミンギェチェヴィル
  Naxçıvan: ナフチュヴァン
  Nuxa: ヌハ
  Sumqayıt: スムガユト
  Şəki: シェキ
  Şirvan: シルヴァン
  Xankəndi: ハンキェンディ
  Xırdalan: フルダラン
  Yelizavetpol: イェリザヴェトポル
  Yevlax: イェヴラフ

de:
  Czernowitz: チェルノヴィツ
  Königsberg: ケーニヒスベルク
  Lemberg: レンベルク
  Libau: リバウ
  Memel: メーメル
  Mitau: ミタウ
  Munkatsch: ムンカチュ
  Stanislau: シュタニスラウ
  Tarnopol: タルノポル
  Ungwar: ウングヴァー

pl:
  Baranowicze: バラノヴィチェ
  Bobrujsk: ボブルイスク
  Borysów: ボルィスフ
  Brześć Litewski: ブジェシチ・リテフスキ
  Brześć nad Bugiem: ブジェシチ・ナド・ブギェム
  Czerkasy: チェルカスィ
  Dyneburg: ディネブルク
  Grodno: グロドノ
  Homel: ホメル
  Kowno: コヴノ
  Lida: リダ
  Lipawa: リパヴァ
  Lwów: ルヴフ
  Łuck: ウツク
  Mińsk: ミニスク
  Mitawa: ミタヴァ
  Mohylew: モヒレフ
  Mozyrz: モズィシュ
  Olita: オリタ
  Orsza: オルシャ
  Pińsk: ピニスク
  Poniewież: ポニェヴェジュ
  Równe: ルヴネ
  Stanisławów: スタニスワヴフ
  Szawle: シャヴレ
  Tarnopol: タルノポル
  Wilno: ヴィルノ
  Winnica: ヴィンニツァ
  Witebsk: ヴィテプスク
  Żytomierz: ジトミェシュ

hu:
  Munkács: ムンカーチ
  Tarnopol: タルノポル
  Ungvár: ウングヴァール

cs:
  Mukačevo: ムカチェヴォ
  Užhorod: ウジュホロド

sk:
  Užhorod: ウジュホロド

ro:
  Bălți: バルツィ
  Bender: ベンデル
  Cernăuți: チェルナウツィ
  Chișinău: キシナウ
  Ismail: イスマイル
  Rîbnița: ルィブニツァ
  Tighina: ティギナ
  Tiraspol: ティラスポル

fi:
  Viipuri: ヴィープリ

sv:
  Viborg: ヴィーボリ

ja:
  豊原: トヨハラ

en:
  Russia: ロシア
  Ukraine: ウクライナ
  Belarus: ベラルーシ
  Moldova: モルドバ
  Estonia: エストニア
  Latvia: ラトビア
  Lithuania: リトアニア
  Uzbekistan: ウズベキスタン
  Tajikistan: タジキスタン
  Turkmenistan: トルクメニスタン
  Kyrgyzstan: キルギス
  Kazakhstan: カザフスタン
  Georgia: グルジア(サカルトヴェロ)
  Armenia: アルメニア
  Azerbaijan: アゼルバイジャン

  Belgorod Oblast: ベルゴロド州
  Bryansk Oblast: ブリャンスク州
  Vladimir Oblast: ウラジーミル州
  Voronezh Oblast: ヴォロネジ州
  Ivanovo Oblast: イヴァノヴォ州
  Kaluga Oblast: カルーガ州
  Kostroma Oblast: コストロマ州
  Kursk Oblast: クルスク州
  Lipetsk Oblast: リペツク州
  Moscow Oblast: モスクワ州
  Oryol Oblast: オリョール州
  Ryazan Oblast: リャザン州
  Smolensk Oblast: スモレンスク州
  Tambov Oblast: タンボフ州
  Tver Oblast: トヴェリ州
  Tula Oblast: トゥーラ州
  Yaroslavl Oblast: ヤロスラヴリ州
  Moscow: モスクワ
  Republic of Karelia: カレリア共和国
  Komi Republic: コミ共和国
  Arkhangelsk Oblast: アルハンゲリスク州
  Vologda Oblast: ヴォログダ州
  Kaliningrad Oblast: カリーニングラード州
  Leningrad Oblast: レニングラード州
  Murmansk Oblast: ムルマンスク州
  Novgorod Oblast: ノヴゴロド州
  Pskov Oblast: プスコフ州
  Nenets Autonomous Okrug: ネネツ自治管区
  Saint Petersburg: サンクトペテルブルク
  Adygea: アディゲ共和国
  Kalmykia: カルムイク共和国
  Krasnodar Krai: クラスノダール地方
  Astrakhan Oblast: アストラハン州
  Volgograd Oblast: ヴォルゴグラード州
  Rostov Oblast: ロストフ州
  Dagestan: ダゲスタン共和国
  Ingushetia: イングーシ共和国
  Kabardino-Balkaria: カバルダ・バルカル共和国
  Karachay-Cherkessia: カラチャイ・チェルケス共和国
  North Ossetia: 北オセチア共和国
  Chechnya: チェチェン共和国
  Stavropol Krai: スタヴロポリ地方
  Bashkortostan: バシコルトスタン共和国
  Mari El: マリ・エル共和国
  Mordovia: モルドヴィア共和国
  Tatarstan: タタールスタン共和国
  Udmurtia: ウドムルト共和国
  Chuvashia: チュヴァシ共和国
  Perm Krai: ペルミ地方
  Kirov Oblast: キーロフ州
  Nizhny Novgorod Oblast: ニジニ・ノヴゴロド州
  Orenburg Oblast: オレンブルク州
  Penza Oblast: ペンザ州
  Samara Oblast: サマラ州
  Saratov Oblast: サラトフ州
  Ulyanovsk Oblast: ウリヤノフスク州
  Kurgan Oblast: クルガン州
  Sverdlovsk Oblast: スヴェルドロフスク州
  Tyumen Oblast: チュメニ州
  Chelyabinsk Oblast: チェリャビンスク州
  Khanty-Mansi Autonomous Okrug: ハンティ・マンシ自治管区
  Yamalo-Nenets Autonomous Okrug: ヤマロ・ネネツ自治管区
  Altai Republic: アルタイ共和国
  Tuva: トゥヴァ共和国
  Khakassia: ハカス共和国
  Altai Krai: アルタイ地方
  Krasnoyarsk Krai: クラスノヤルスク地方
  Irkutsk Oblast: イルクーツク州
  Kemerovo Oblast: ケメロヴォ州
  Novosibirsk Oblast: ノヴォシビルスク州
  Omsk Oblast: オムスク州
  Tomsk Oblast: トムスク州
  Buryatia: ブリヤート共和国
  Sakha: サハ共和国
  Zabaykalsky Krai: ザバイカリエ地方
  Kamchatka Krai: カムチャツカ地方
  Primorsky Krai: 沿海地方
  Khabarovsk Krai: ハバロフスク地方
  Amur Oblast: アムール州
  Magadan Oblast: マガダン州
  Sakhalin Oblast: サハリン州
  Jewish Autonomous Oblast: ユダヤ自治州
  Chukotka Autonomous Okrug: チュクチ自治管区

  Vinnytsia Oblast: ヴィーンヌィツャ州
  Volyn Oblast: ヴォルィーニ州
  Dnipropetrovsk Oblast: ドニプロペトロウシク州
  Donetsk Oblast: ドネツィク州
  Zhytomyr Oblast: ジトーミル州
  Zakarpattia Oblast: ザカルパッチャ州
  Zaporizhzhia Oblast: ザポリージャ州
  Ivano-Frankivsk Oblast: イヴァーノ゠フランキーウシク州
  Kyiv Oblast: キエフ州
  Kirovohrad Oblast: キロヴォフラード州
  Luhansk Oblast: ルハーンシク州
  Lviv Oblast: リヴィウ州
  Mykolaiv Oblast: ムィコラーイウ州
  Odessa Oblast: オデッサ州
  Poltava Oblast: ポルターヴァ州
  Rivne Oblast: リウネ州
  Sumy Oblast: スームィ州
  Ternopil Oblast: テルノーピリ州
  Kharkiv Oblast: ハルキウ州
  Kherson Oblast: ヘルソン州
  Khmelnytskyi Oblast: フメリニツキー州
  Cherkasy Oblast: チェルカースィ州
  Chernihiv Oblast: チェルニーヒウ州
  Chernivtsi Oblast: チェルニウツィー州
  Kyiv: キーウ
  Sevastopol: セヴァストポリ
  Autonomous Republic of Crimea: クリミア自治共和国

  Minsk: ミンスク
  Brest Oblast: ブレスト州
  Gomel Oblast: ホメリ州
  Grodno Oblast: フロドナ州
  Mogilev Oblast: マヒリョウ州
  Minsk Oblast: ミンスク州
  Vitebsk Oblast: ヴィーツェプスク州

  Chișinău: キシナウ
  Bălți: バルツィ
  Bender: ベンデル
  Gagauzia: ガガウズ自治区
  Transnistria: 沿ドニエストル地域

  Harju County: ハリュ県
  Tartu County: タルトゥ県
  Ida-Viru County: イダ＝ヴィル県

  Riga: リガ
  Daugavpils: ダウガウピルス
  Liepāja: リエパーヤ
  Jelgava: イェルガヴァ
  Jūrmala: ユールマラ

  Vilnius County: ヴィリニュス郡
  Kaunas County: カウナス郡
  Klaipėda County: クライペダ郡
  Šiauliai County: シャウレイ郡
  Panevėžys County: パネヴェジース郡
  Alytus County: アリートゥス郡

  Tashkent: タシケント
  Karakalpakstan: カラカルパクスタン共和国
  Andijan Region: アンディジャン州
  Bukhara Region: ブハラ州
  Fergana Region: フェルガナ州
  Jizzakh Region: ジザフ州
  Navoiy Region: ナヴォイ州
  Namangan Region: ナマンガン州
  Sirdaryo Region: シルダリヤ州
  Samarqand Region: サマルカンド州
  Surxondaryo Region: スルハンダリヤ州
  Tashkent Region: タシュケント州
  Qashqadaryo Region: カシュカダリヤ州
  Xorazm Region: ホラズム州

  Dushanbe: ドゥシャンベ
  Region of Republican Subordination: 共和国直轄地
  Gorno-Badakhshan Autonomous Region: ゴルノ・バダフシャン自治州
  Sughd Region: ソグド州
  Khatlon Region: ハトロン州

  Ashgabat: アシガバート
  Ahal Region: アハル州
  Balkan Region: バルカン州
  Daşoguz Region: ダショグズ州
  Lebap Region: レバプ州
  Mary Region: マル州

  Bishkek: ビシュケク
  Osh: オシュ
  Jalal-Abad Region: ジャララバード州
  Issyk-Kul Region: イシク・クル州
  Chüy Region: チュイ州
  Osh Region: オシュ州

  Astana: アスタナ
  Almaty: アルマトゥ
  Shymkent: シムケント
  Baikonur: バイコヌール
  Abai Region: アバイ州
  Aktobe Region: アクトベ州
  Akmola Region: アクモラ州
  Almaty Region: アルマトイ州
  Atyrau Region: アティラウ州
  East Kazakhstan Region: 東カザフスタン州
  Jambyl Region: ジャンブル州
  Jetisu Region: ジェトゥス州
  Karaganda Region: カラガンダ州
  Kostanay Region: コスタナイ州
  Kyzylorda Region: クズロルダ州
  Mangystau Region: マンギスタウ州
  North Kazakhstan Region: 北カザフスタン州
  Pavlodar Region: パヴロダル州
  Turkistan Region: テュルキスタン州
  Ulytau Region: ウリタウ州
  West Kazakhstan Region: 西カザフスタン州

  Tbilisi: トビリシ
  Abkhazia: アブハジア自治共和国
  Adjara: アジャリア自治共和国
  Imereti: イメレティ州
  Kvemo Kartli: クヴェモ・カルトリ州
  Samegrelo and Zemo Svaneti: サメグレロ＝ゼモ・スヴァネティ州
  Kakheti: カヘティ州
  Shida Kartli: シダ・カルトリ州
  Samtskhe-Javakheti: サムツヘ＝ジャヴァヘティ州
  Guria: グリア州
  Mtskheta-Mtianeti: ムツヘタ＝ムティアネティ州
  Racha-Lechkhumi and Kvemo Svaneti: ラチャ＝レチフミおよびクヴェモ・スヴァネティ州

  Yerevan: エレバン
  Aragatsotn: アラガツォトゥン地方
  Ararat: アララト地方
  Armavir: アルマヴィル地方
  Gegharkunik: ゲガルクニク地方
  Kotayk: コタイク地方
  Lori: ロリ地方
  Shirak: シラク地方
  Syunik: シュニク地方
  Tavush: タヴシュ地方
  Vayots Dzor: ヴァヨツ・ゾル地方

  Baku: バクー
  Khankendi: ハンケンディ
  Sumgait: スムガイト
  Şirvan: シルヴァン
  Ganja: ギャンジャ
  Mingachevir: ミンゲチェヴィル
  Nakhchivan Autonomous Republic: ナヒチェヴァン自治共和国
  Absheron District: アブシェロン県
  Shaki District: シャキ県
  Yevlakh District: イェヴラフ県
  Lankaran District: レンキャラン県
  Jalilabad District: ジャリラバド県

cv:
  Шупашкар: シュパシカル

sah:
  Дьокуускай: ジョクースカイ

os:
  Дзӕуджыхъӕу: ザウジカウ

tt:
  Алабуга: アラブガ

tyv:
  Кызыл: クィズィル

kjh:
  Харатас: ハラタス
